Model,Test Accuracy,Test Loss
model 32-16 drop0.5 epochs50 20251026 114704,0.673758864402771,0.6248981952667236
model 16-8 drop0.5 epochs50 20251026 114634,0.6436170339584351,0.6499836444854736
model 16-8-4 drop0.5 epochs50 20251026 114649,0.5797872543334961,0.6790074110031128
model 32-16 drop0.5 epochs50 20251026 114710,0.6542553305625916,0.6360188126564026
model 16-8-4 drop0.5 epochs100 20251026 114659,0.6028369069099426,0.6663209795951843
model 32-16-8 drop0.5 epochs50 20251026 114715,0.6205673813819885,0.6577826142311096
model 16-8 drop0.5 epochs100 20251026 114644,0.6542553305625916,0.6246670484542847
model 32-16-8 drop0.5 epochs100 20251026 114725,0.661347508430481,0.6171396374702454
